INSERT INTO users (username, password, role, created_at, updated_at)
VALUES ('user1', 'password1', 'USER', NOW(), NOW()),
       ('user2', 'password2', 'USER', NOW(), NOW()),
       ('user3', 'password3', 'USER', NOW(), NOW()),
       ('user4', 'password4', 'USER', NOW(), NOW()),
       ('user5', 'password5', 'USER', NOW(), NOW()),
       ('user6', 'password6', 'USER', NOW(), NOW()),
       ('user7', 'password7', 'USER', NOW(), NOW()),
       ('user8', 'password8', 'USER', NOW(), NOW()),
       ('user9', 'password9', 'USER', NOW(), NOW()),
       ('user10', 'password10', 'USER', NOW(), NOW());

INSERT INTO book (user_id, title, description, author, path, visible, created_at, updated_at)
VALUES (1, 'The Great Gatsby', 'Classic novel by F. Scott Fitzgerald', 'F. Scott Fitzgerald', '/books/gatsby', TRUE,
        NOW(), NOW()),
       (2, '1984', 'Dystopian social science fiction novel and cautionary tale by the English writer George Orwell.',
        'George Orwell', '/books/1984', TRUE, NOW(), NOW()),
       (3, 'To Kill a Mockingbird', 'A novel by Harper Lee published in 1960.', 'Harper Lee', '/books/mockingbird',
        TRUE, NOW(), NOW()),
       (4, 'The Catcher in the Rye', 'A novel by J. D. Salinger, partially published in serial form in 1945–1946.',
        'J. D. Salinger', '/books/catcher-rye', TRUE, NOW(), NOW()),
       (5, 'Pride and Prejudice', 'A romantic novel of manners written by Jane Austen in 1813.', 'Jane Austen',
        '/books/pride-prejudice', TRUE, NOW(), NOW()),
       (6, 'Moby-Dick', 'An 1851 novel by American writer Herman Melville.', 'Herman Melville', '/books/moby-dick',
        TRUE, NOW(), NOW()),
       (7, 'War and Peace',
        'A novel by the Russian author Leo Tolstoy, published serially, then in its entirety in 1869.', 'Leo Tolstoy',
        '/books/war-peace', TRUE, NOW(), NOW()),
       (8, 'Crime and Punishment', 'A novel by the Russian author Fyodor Dostoevsky.', 'Fyodor Dostoevsky',
        '/books/crime-punishment', TRUE, NOW(), NOW()),
       (9, 'The Odyssey', 'An ancient Greek epic poem attributed to Homer.', 'Homer', '/books/odyssey', TRUE, NOW(),
        NOW()),
       (10, 'The Iliad', 'An ancient Greek epic poem attributed to Homer that was part of the Greek oral tradition.',
        'Homer', '/books/iliad', TRUE, NOW(), NOW());

INSERT INTO favourite (user_id, book_id)
VALUES (1, 10),
       (1, 9),
       (2, 8),
       (2, 7),
       (3, 6),
       (3, 5),
       (4, 4),
       (4, 3),
       (5, 2),
       (5, 1),
       (6, 10),
       (7, 9),
       (8, 8),
       (9, 7),
       (10, 6);
